key,b_upper,t,A,hg,he,hp,hs,hm,hi,b_downer
1a,1.4052631578947368,2.9657894736842105,3.6032340720221607,0.1818411228919725,0.07497788968548945,0.04300197249844538,0.35926639942923505,0.1657894736842115,0,1.3526315789473684
1b,1.431578947368421,3.044736842105263,3.8774238227146816,0.17107712337623807,0.0426762765404297,0.018936017472942386,0.23209938709323868,0.05263157894736484,0,1.4842105263157894
