key,b_upper,t,A,hg,he,hp,hs,hm,hi,b_downer
1d137239-ca43-4dca-b6e2-d6626f8e2b44,2.828312229495124,2.969271294806297,6.429986149584487,0.10400460219431357,0.08608121713289948,0.07034565239235523,0.02120501532779774,0.22494956565840418,0,1.5898091900530487
