key,b_upper,t,A,hg,he,hp,hs,hm,hi,b_downer
dfc5792a-515f-4897-a930-e79007751337,1.9259259259259258,2.9735449735449735,4.673644354861286,0.13948795337508835,0.06207279081609522,0.014012435631458481,0.0822862473802662,0.12433862433862355,0,1.2063492063492063
