key,b_upper,t,A,hg,he,hp,hs,hm,hi,b_downer
4c53db30-67f7-4537-b08d-15480feff530,1.4052631578947368,2.9657894736842105,3.6032340720221607,0.1818411228919725,0.07497788968548945,0.04300197249844538,0.35926639942923505,0.1657894736842115,0,1.3526315789473684
