key,b_upper,t,A,hg,he,hp,hs,hm,hi,b_downer
c7185f5c-6e6e-4a7f-bc23-3f589b5086a4,2.411609498680739,3.0316622691292876,6.476778914098342,0.06062690420284941,0.05944665131583127,0.15054351342845604,0.09002250646936152,0.16358839050131926,0,1.8469656992084431
