key,b_upper,t,A,hg,he,hp,hs,hm,hi,b_downer
738bd1be-1586-43c6-86f4-0fbcad526ab4,2.150256351588312,2.981719465263137,5.0742036011080325,0.2156235444933539,0.025725785830232432,0.07935254104719744,0.19238623787438588,0.06427903499787985,0,1.5112215732091943
