key,b_upper,t,A,hg,he,hp,hs,hm,hi,b_downer
5801e23d-b4a4-474e-b962-a978296bc40d,2.279124986560504,2.995508597096457,5.656100973955903,0.19232383483546087,0.03168415093568556,0.010114472156687536,0.1174720361470288,0.16569525931781431,0,1.6823315430589414
