key,b_upper,t,A,hg,he,hp,hs,hm,hi,b_downer
e605af0d-213a-4a78-84eb-6fd488adb6c2,1.9259259259259258,2.9735449735449735,4.673644354861286,0.13948795337508835,0.06207279081609522,0.014012435631458481,0.0822862473802662,0.12433862433862355,0,1.2063492063492063
