key,b_upper,t,A,hg,he,hp,hs,hm,hi,b_downer
4808d516-9b70-438f-8b9a-9122cc2196ce,1.431578947368421,3.044736842105263,3.8768490304709142,0.17107712337623807,0.0426762765404297,0.018936017472942386,0.23209938709323868,0.05263157894736484,0,1.4842105263157894
